CO2 Emissions from Fossil Fuel Combustion - Million Metric Tons CO2 (MMTCO2)*,,,,,,,,,,,,,,,,,,,,,,,,,,,,,
,,,,,,,,,,,,,,,,,,,,,,,,,,,,,
State,Sector,1990,1991,1992,1993,1994,1995,1996,1997,1998,1999,2000,2001,2002,2003,2004,2005,2006,2007,2008,2009,2010,2011,2012,2013,2014,2015,2016,2017
Alabama,,109.09,113.26,120.00,123.85,121.91,129.62,135.67,133.57,131.22,133.41,139.40,131.05,135.97,136.92,139.28,140.83,143.29,144.86,137.23,118.34,130.70,128.04,121.53,119.22,121.40,118.59,113.70,108.00
,Commercial,2.43,2.00,2.10,2.05,2.06,1.96,2.16,2.42,1.90,2.19,2.25,2.17,1.99,2.10,2.16,1.85,2.22,1.99,2.00,1.89,2.12,2.05,1.78,1.83,1.93,2.14,2.19,2.11
,Industrial,25.14,25.35,28.35,26.17,27.12,27.82,28.67,28.69,25.53,25.72,25.08,21.70,21.64,22.96,23.34,21.94,21.39,20.76,20.42,16.88,18.16,18.60,20.66,20.37,21.35,20.28,20.33,20.14
,Residential,3.09,3.02,3.21,3.42,3.30,3.32,3.73,3.35,3.11,3.31,3.66,3.54,3.25,3.09,2.98,2.72,2.50,2.37,2.53,2.49,2.86,2.34,1.76,2.19,2.43,2.13,1.87,1.74
,Transportation,28.15,28.71,29.40,29.39,30.61,32.12,31.53,31.14,31.74,32.13,33.51,31.48,33.47,32.44,34.96,34.86,35.43,35.74,33.05,32.04,32.37,32.46,31.99,31.76,31.78,33.11,34.88,34.09
,Electric Power,50.28,54.18,56.93,62.82,58.82,64.41,69.58,67.97,68.93,70.06,74.90,72.17,75.62,76.34,75.85,79.46,81.75,84.00,79.23,65.04,75.18,72.59,65.35,63.07,63.91,60.93,54.43,49.93
Alaska,,34.28,34.89,36.27,36.11,35.93,40.48,41.54,41.62,42.64,43.21,43.88,42.92,43.06,43.19,46.43,47.78,45.63,43.92,39.38,37.64,38.63,38.49,37.97,35.91,35.06,36.03,34.69,34.61
,Commercial,2.20,2.23,2.52,2.56,2.59,2.50,2.71,2.56,2.67,2.83,2.69,2.49,2.07,1.94,2.21,2.12,2.42,2.20,2.37,2.21,2.60,2.79,2.68,2.44,2.37,2.60,2.06,2.07
,Industrial,15.79,17.42,18.85,18.48,18.05,21.42,22.49,21.13,21.66,20.61,20.57,20.66,21.09,20.86,20.13,21.64,18.43,18.57,16.47,16.83,16.20,16.42,16.89,16.82,16.49,16.51,16.36,16.32
,Residential,1.58,1.60,1.74,1.73,1.77,1.81,1.80,1.70,1.65,1.95,1.74,1.81,1.62,1.66,1.80,1.77,2.15,1.85,1.78,1.76,1.68,1.72,1.76,1.56,1.46,1.59,1.50,1.66
,Transportation,12.10,11.17,10.86,11.01,11.19,12.33,12.01,13.49,13.75,14.81,15.72,14.72,15.02,15.75,19.14,19.02,19.17,18.05,15.50,13.71,15.11,14.40,13.52,12.46,11.85,12.40,12.03,11.79
,Electric Power,2.61,2.47,2.29,2.32,2.33,2.41,2.53,2.74,2.91,3.01,3.16,3.24,3.26,2.97,3.16,3.23,3.47,3.26,3.25,3.14,3.03,3.16,3.12,2.64,2.89,2.94,2.74,2.77
Arizona,,62.96,63.77,66.58,68.94,71.66,66.60,68.48,71.59,76.00,80.12,85.80,88.15,87.53,89.38,96.35,96.44,99.66,101.56,101.88,93.09,94.96,93.06,91.08,94.85,92.82,90.59,86.85,86.14
,Commercial,1.90,1.83,1.78,1.74,1.83,1.79,1.88,1.98,2.28,2.21,2.19,2.09,2.17,2.05,2.02,2.01,2.04,2.12,2.41,2.20,2.36,2.38,2.32,2.36,2.23,2.86,3.00,2.91
,Industrial,3.86,3.92,3.93,3.94,4.35,4.68,4.86,4.97,4.71,4.81,4.78,4.87,4.34,4.09,4.61,5.06,5.10,4.91,5.45,4.25,4.65,5.01,4.92,4.57,4.44,4.29,4.50,4.83
,Residential,1.83,1.89,1.76,1.72,1.80,1.69,1.66,1.84,2.17,2.08,2.13,2.19,2.16,2.13,2.24,2.13,2.15,2.27,2.41,2.18,2.32,2.40,2.09,2.41,2.03,2.13,2.19,2.06
,Transportation,22.84,23.37,23.74,24.95,25.66,26.14,27.78,27.80,29.97,31.64,32.44,33.50,34.33,35.43,36.23,36.89,38.08,37.52,34.48,32.45,31.74,31.46,30.88,31.30,31.53,32.09,33.23,33.22
,Electric Power,32.52,32.76,35.37,36.58,38.01,32.30,32.29,35.00,36.87,39.39,44.26,45.51,44.54,45.67,51.24,50.36,52.30,54.73,57.12,52.01,53.89,51.80,50.88,54.21,52.60,49.23,43.93,43.12
Arkansas,,51.24,50.30,51.94,51.05,54.98,58.32,60.98,59.95,60.64,62.74,63.11,62.27,60.98,61.74,62.09,59.94,61.81,63.10,63.95,61.28,65.59,67.01,65.78,68.17,68.65,59.03,62.18,64.14
,Commercial,1.62,1.63,1.59,1.81,1.75,1.80,1.90,1.79,1.75,1.79,2.11,2.14,2.13,2.18,2.02,2.12,1.88,1.86,2.17,2.49,2.56,2.52,2.48,2.82,3.08,3.10,2.92,3.04
,Industrial,9.33,8.05,9.56,9.65,10.46,11.38,11.15,11.55,11.43,10.91,10.98,10.99,10.54,10.63,10.32,10.00,10.10,9.89,10.50,8.01,8.96,8.87,8.51,9.11,8.93,8.12,8.09,8.41
,Residential,2.52,2.58,2.46,2.84,2.63,2.71,2.86,2.65,2.35,2.66,2.91,2.65,2.62,2.49,2.25,2.15,2.07,2.09,2.34,2.21,2.32,2.13,1.64,2.21,2.36,2.04,1.66,1.57
,Transportation,16.16,16.30,16.22,16.95,18.10,18.47,18.84,19.41,19.64,20.86,20.95,19.79,20.41,20.37,20.62,20.61,20.60,20.94,20.20,20.00,19.72,19.56,18.87,18.80,19.13,18.95,19.51,19.59
,Electric Power,21.60,21.74,22.12,19.80,22.04,23.97,26.21,24.54,25.47,26.52,26.16,26.70,25.29,26.07,26.89,25.06,27.17,28.32,28.73,28.59,32.04,33.93,34.28,35.22,35.16,26.82,30.00,31.53
California,,362.71,351.04,355.30,344.57,361.66,350.83,351.77,354.73,364.96,368.15,383.17,387.35,386.28,374.65,393.53,391.06,399.17,404.21,386.35,372.23,366.31,353.07,358.36,361.18,358.19,364.75,365.79,368.05
,Commercial,18.97,19.13,17.43,15.53,15.92,17.01,14.75,15.35,17.76,14.92,14.38,14.86,14.24,14.01,14.12,14.23,14.45,15.08,15.62,15.59,16.09,15.72,15.93,15.96,15.08,18.38,18.63,18.99
,Industrial,71.19,72.56,72.94,70.17,70.53,69.35,72.46,77.25,75.12,73.28,72.72,74.43,76.00,75.64,80.13,77.51,76.45,74.72,71.31,66.52,68.37,68.75,69.41,73.06,72.57,71.76,72.49,72.52
,Residential,29.50,29.28,27.23,28.82,29.38,26.77,26.97,26.76,32.28,31.95,27.55,28.65,28.67,28.34,29.42,28.20,28.40,28.61,28.76,28.29,28.91,29.66,27.32,27.70,22.91,23.42,24.11,25.09
,Transportation,202.84,192.09,192.13,188.10,196.42,200.60,204.81,199.60,200.47,204.74,215.65,211.63,223.68,214.00,223.56,229.21,233.44,235.82,219.78,214.02,209.55,202.57,197.73,198.77,201.37,206.93,214.00,218.46
,Electric Power,40.21,37.99,45.57,41.96,49.41,37.10,32.78,35.78,39.32,43.26,52.86,57.78,43.69,42.66,46.30,41.92,46.43,49.98,50.87,47.81,43.39,36.37,47.98,45.70,46.26,44.26,36.57,32.99
Colorado,,65.34,67.35,68.34,72.06,72.58,72.66,75.68,75.89,77.31,79.48,84.19,92.05,90.38,89.39,92.08,94.43,95.20,98.08,96.28,92.47,94.71,91.22,89.98,90.65,91.21,89.87,86.60,87.12
,Commercial,3.99,4.29,4.12,4.28,4.07,4.04,4.24,4.22,3.80,3.84,3.80,4.41,4.35,4.20,4.07,4.09,3.79,3.79,4.57,4.71,4.24,3.98,3.35,3.70,3.74,4.02,3.91,4.06
,Industrial,5.58,7.30,7.50,8.09,7.62,7.57,7.83,8.23,8.83,8.69,9.19,12.47,12.00,11.39,11.75,12.80,12.59,12.82,13.39,13.22,14.04,12.80,12.89,12.96,13.74,14.04,12.01,12.57
,Residential,5.34,5.81,5.56,6.14,5.73,6.16,6.50,6.31,5.98,6.44,6.89,7.31,7.59,7.65,7.27,7.61,7.18,7.87,8.08,7.72,7.85,7.86,7.06,8.22,8.08,7.54,7.53,7.32
,Transportation,19.15,19.34,19.60,21.42,21.68,22.39,22.91,22.74,23.87,25.41,25.67,27.00,26.84,26.42,29.21,29.81,30.59,31.20,29.72,28.86,29.22,28.22,28.10,27.71,28.46,28.15,28.32,28.80
,Electric Power,31.27,30.60,31.55,32.13,33.47,32.50,34.20,34.40,34.84,35.10,38.64,40.85,39.60,39.74,39.78,40.11,41.05,42.42,40.53,37.96,39.36,38.36,38.57,38.06,37.19,36.12,34.83,34.36
Connecticut,,40.53,39.73,40.12,38.17,37.49,36.79,39.55,42.46,40.07,41.37,42.69,41.49,40.00,42.65,44.50,43.79,40.79,40.07,37.68,35.97,36.31,34.97,34.23,34.99,35.22,36.54,34.35,33.92
,Commercial,3.80,3.64,4.28,3.82,4.15,3.82,4.11,4.28,4.01,4.27,4.52,4.29,4.10,4.93,3.92,3.73,3.31,3.34,3.36,3.28,3.35,3.59,3.24,3.56,3.81,4.32,3.89,3.93
,Industrial,2.93,3.08,3.32,3.38,2.98,2.76,2.88,2.76,2.60,2.65,2.74,2.49,2.40,2.85,2.61,2.66,2.57,2.29,1.89,2.04,1.96,2.05,1.96,2.19,2.07,1.88,1.81,1.85
,Residential,8.15,7.89,9.36,8.93,8.54,7.84,8.32,8.07,7.02,7.93,8.67,8.40,8.14,9.70,10.18,9.28,8.01,8.26,8.09,8.10,7.57,7.21,6.65,7.24,7.52,7.71,6.30,6.53
,Transportation,14.70,14.59,14.68,14.71,14.63,14.37,15.19,15.23,15.46,16.70,16.19,16.92,16.85,17.42,19.25,18.34,17.54,17.45,16.49,16.06,15.81,15.56,15.19,15.24,15.15,15.20,15.37,15.33
,Electric Power,10.95,10.54,8.48,7.34,7.20,8.01,9.06,12.13,10.99,9.82,10.56,9.38,8.50,7.75,8.54,9.78,9.36,8.72,7.83,6.50,7.62,6.56,7.20,6.76,6.67,7.42,6.98,6.28
Delaware,,17.63,17.51,17.46,18.83,18.22,17.55,18.19,16.91,16.19,16.41,16.64,15.98,15.85,16.51,16.51,17.31,16.15,17.02,16.11,11.86,11.89,12.99,13.94,13.63,13.34,13.47,13.93,13.09
,Commercial,0.58,0.58,0.55,0.69,0.62,0.57,0.72,0.70,0.60,0.64,0.63,0.68,0.74,0.79,0.79,0.73,0.73,0.68,0.64,0.84,0.83,0.72,0.69,0.76,0.84,0.94,0.92,0.95
,Industrial,3.96,3.01,4.29,4.56,4.71,4.86,4.84,4.72,4.45,4.77,4.52,4.34,3.95,3.79,3.67,3.95,3.65,3.59,3.42,1.47,1.50,3.43,3.71,3.75,3.66,3.83,3.97,3.68
,Residential,1.07,1.10,1.16,1.18,1.23,1.17,1.27,1.13,1.06,1.13,1.22,1.17,1.18,1.31,1.22,1.19,0.99,1.01,0.97,1.03,1.05,0.95,0.79,0.93,1.04,1.04,0.84,0.83
,Transportation,4.53,5.08,4.70,4.89,4.54,4.31,4.78,4.67,4.71,4.88,5.07,4.70,4.93,4.84,4.94,5.15,5.17,5.17,4.93,4.74,4.34,4.08,4.22,4.15,4.19,4.41,4.62,4.70
,Electric Power,7.49,7.75,6.76,7.51,7.12,6.65,6.58,5.69,5.37,4.99,5.20,5.09,5.05,5.78,5.89,6.29,5.62,6.57,6.14,3.78,4.17,3.80,4.53,4.03,3.60,3.24,3.58,2.94
District of Columbia,,4.45,4.39,4.37,4.55,4.51,4.43,4.39,4.27,4.08,4.16,4.31,4.09,4.19,3.94,4.02,3.94,3.19,3.39,3.09,3.19,3.22,3.09,2.66,2.83,3.03,2.99,2.77,2.64
,Commercial,1.24,1.37,1.37,1.44,1.42,1.43,1.43,1.39,1.26,1.23,1.34,1.38,1.32,1.20,1.27,1.33,1.10,1.23,1.15,1.20,1.16,1.06,0.90,0.99,1.02,1.03,0.94,0.94
,Industrial,0.04,0.03,0.03,0.02,0.04,0.03,0.03,0.03,0.02,0.07,0.03,0.06,0.07,0.10,0.07,0.06,0.06,0.04,0.04,0.04,0.02,0.03,0.03,0.02,0.03,0.02,0.03,0.02
,Residential,0.92,0.93,0.99,0.99,0.93,0.96,1.07,0.98,0.83,0.86,0.94,0.80,0.93,0.98,0.95,0.93,0.70,0.82,0.78,0.82,0.82,0.68,0.69,0.78,0.85,0.83,0.64,0.66
,Transportation,1.84,1.84,1.86,1.87,1.81,1.79,1.73,1.77,1.71,1.75,1.83,1.69,1.61,1.57,1.67,1.38,1.23,1.21,1.05,1.10,1.04,1.15,1.02,1.04,1.13,1.11,1.16,1.01
,Electric Power,0.41,0.23,0.12,0.22,0.31,0.22,0.13,0.09,0.26,0.25,0.17,0.16,0.27,0.08,0.06,0.23,0.10,0.08,0.07,0.04,0.19,0.17,0.01,0.00,0.00,0.00,0.00,0.00
Florida,,186.62,187.39,189.82,192.83,200.36,205.78,211.46,216.87,229.01,228.27,236.57,235.31,239.04,243.26,254.55,257.94,256.76,254.42,236.70,222.85,240.66,227.94,221.94,221.06,226.60,231.17,229.00,228.30
,Commercial,6.25,5.97,5.95,4.77,4.35,4.33,4.16,3.63,3.55,3.63,4.80,4.90,5.01,4.95,5.85,5.66,5.18,4.68,4.80,4.81,5.27,4.71,4.68,5.13,5.26,6.71,7.20,6.95
,Industrial,12.16,11.45,13.05,14.30,15.10,16.31,16.34,15.40,15.63,15.77,14.81,14.01,12.72,13.63,12.61,12.83,12.84,11.61,11.40,10.19,11.57,10.07,10.45,10.88,10.63,11.41,11.68,12.07
,Residential,1.53,1.57,1.74,1.66,1.56,1.48,1.65,1.36,1.44,1.41,1.51,1.42,1.38,1.41,1.54,1.49,1.42,1.31,1.32,1.42,1.61,1.34,1.11,1.14,1.25,1.17,1.19,1.21
,Transportation,81.46,77.13,79.88,78.71,84.23,86.45,87.38,90.57,91.99,94.75,100.44,99.01,101.34,99.94,110.81,113.62,116.11,114.48,104.01,97.51,104.40,102.76,99.86,100.46,101.57,105.35,104.04,106.04
,Electric Power,85.21,91.27,89.20,93.38,95.12,97.20,101.93,105.91,116.39,112.71,115.00,115.96,118.59,123.33,123.74,124.35,121.21,122.35,115.17,108.92,117.80,109.05,105.85,103.45,107.88,106.54,104.90,102.02
Georgia,,138.28,130.43,130.00,139.75,142.83,151.22,155.70,156.67,156.88,159.31,167.30,159.67,164.45,167.52,172.69,182.94,180.35,182.95,170.35,161.08,170.44,155.42,135.63,133.89,138.69,136.27,135.43,132.81
,Commercial,3.87,3.63,3.97,4.03,3.92,4.14,4.15,4.07,3.67,3.28,4.14,3.77,3.37,3.42,3.79,3.61,3.21,3.25,3.41,3.54,4.01,3.77,3.64,3.97,4.11,4.61,4.55,4.43
,Industrial,18.46,18.08,18.32,17.96,18.65,19.61,20.27,19.74,18.37,18.30,19.19,18.58,18.60,19.36,19.47,19.57,18.56,17.25,15.91,14.05,14.86,14.25,13.49,14.02,14.45,13.21,13.14,12.81
,Residential,5.82,6.18,6.89,7.36,6.75,7.23,7.88,7.26,6.76,6.38,8.71,7.38,7.65,7.90,7.77,7.57,6.67,6.75,7.19,7.13,8.32,6.73,5.97,7.05,7.86,6.94,6.85,6.51
,Transportation,48.68,47.46,47.95,53.06,53.74,56.34,59.72,57.39,59.40,61.39,61.46,61.35,61.51,63.46,66.25,69.04,68.04,66.33,60.22,64.24,65.82,64.19,57.75,56.16,53.84,56.71,54.28,57.76
,Electric Power,61.44,55.09,52.88,57.33,59.77,63.91,63.67,68.20,68.67,69.96,73.79,68.58,73.32,73.37,75.41,83.14,83.88,89.37,83.62,72.12,77.42,66.47,54.77,52.68,58.44,54.80,56.61,51.30
Hawaii,,21.35,19.40,20.33,18.55,19.84,19.72,18.85,18.43,18.41,18.13,18.45,18.93,20.32,21.26,22.26,22.84,23.03,23.78,19.02,18.57,18.79,19.28,18.80,18.35,18.30,18.49,18.50,18.62
,Commercial,0.76,0.44,0.92,0.33,0.51,0.32,0.24,0.31,1.09,0.27,0.28,0.24,0.31,0.28,0.33,0.33,0.33,0.28,0.29,0.35,0.34,0.38,0.35,0.36,0.39,0.44,0.44,0.52
,Industrial,2.10,2.00,1.96,1.82,2.01,1.96,2.06,1.95,1.46,1.30,1.32,1.33,1.49,1.52,1.52,1.77,1.79,1.62,1.42,1.39,1.40,1.44,1.44,1.37,1.31,1.36,1.35,1.50
,Residential,0.05,0.05,0.08,0.04,0.04,0.04,0.04,0.05,0.09,0.06,0.08,0.08,0.08,0.06,0.06,0.06,0.07,0.06,0.09,0.09,0.08,0.08,0.10,0.08,0.08,0.06,0.07,0.07
,Transportation,11.13,10.89,10.39,9.35,10.04,9.89,8.73,8.41,8.22,8.86,9.02,9.53,10.11,11.76,12.43,12.83,13.01,14.02,9.62,9.34,9.66,10.20,10.06,10.01,10.02,10.24,10.27,10.30
,Electric Power,7.32,6.03,6.98,7.01,7.24,7.50,7.78,7.71,7.54,7.64,7.76,7.75,8.32,7.64,7.91,7.85,7.82,7.81,7.60,7.41,7.31,7.18,6.85,6.53,6.49,6.38,6.36,6.24
Idaho,,11.41,12.07,11.37,12.49,12.64,13.41,13.86,13.87,14.11,14.98,15.68,15.62,15.06,14.45,15.69,15.81,15.84,16.33,15.57,15.21,16.03,15.83,15.70,17.19,16.71,17.97,18.39,18.69
,Commercial,0.80,0.95,0.87,0.84,0.83,0.85,0.97,0.88,0.94,1.08,1.07,1.03,0.98,0.87,0.98,1.00,0.99,1.06,1.12,1.04,1.07,1.17,1.13,1.25,1.17,1.26,1.36,1.45
,Industrial,3.46,4.01,3.35,3.47,3.56,3.77,3.85,3.63,3.67,3.68,4.19,3.98,3.76,3.43,3.83,3.97,3.44,3.47,3.31,3.25,3.42,3.51,3.28,3.47,3.54,3.30,3.31,3.31
,Residential,0.79,0.91,0.81,1.01,0.94,0.99,1.09,1.12,1.10,1.36,1.52,1.44,1.42,1.31,1.56,1.55,1.62,1.60,1.82,1.71,1.61,1.76,1.55,1.84,1.60,1.53,1.63,1.91
,Transportation,6.35,6.21,6.34,7.17,7.30,7.80,7.94,8.15,8.31,8.76,8.80,8.60,8.75,8.33,8.68,8.67,9.26,9.53,8.65,8.53,9.27,8.94,9.02,9.29,9.41,10.39,10.84,10.89
,Electric Power,0.00,0.00,0.00,0.00,0.00,0.00,0.01,0.10,0.10,0.10,0.10,0.57,0.14,0.51,0.65,0.62,0.52,0.68,0.68,0.68,0.67,0.45,0.73,1.33,0.99,1.49,1.25,1.13
Illinois,,192.82,192.80,188.91,204.36,204.53,208.63,222.81,226.90,216.24,225.74,232.97,223.72,225.97,228.94,235.50,242.57,234.67,242.12,240.39,225.42,229.95,228.83,216.44,230.84,233.08,216.19,205.21,203.62
,Commercial,12.52,11.98,12.22,12.56,12.29,12.50,13.31,12.90,11.04,11.57,12.38,11.76,12.40,12.88,12.20,11.84,11.59,11.84,13.23,13.22,11.60,12.52,11.00,13.58,14.42,13.50,13.37,13.64
,Industrial,43.75,44.16,44.05,44.04,45.15,45.26,46.57,47.81,45.29,44.98,42.79,38.90,38.34,37.32,37.05,37.83,37.43,37.86,36.89,31.32,36.43,37.71,37.94,39.94,39.73,36.15,35.48,35.94
,Residential,25.49,26.82,27.11,28.21,26.99,28.45,30.77,28.62,23.58,26.17,26.90,24.33,26.20,26.80,25.09,24.75,22.70,24.69,26.86,25.26,23.90,23.86,20.52,26.00,27.37,23.13,22.35,21.78
,Transportation,54.42,52.15,52.98,55.91,53.99,55.54,57.63,57.96,59.12,65.29,67.02,64.75,62.64,65.54,69.20,76.82,73.07,72.99,68.82,67.22,66.00,65.51,63.40,64.21,65.61,68.53,68.85,69.06
,Electric Power,56.63,57.69,52.55,63.63,66.11,66.88,74.52,79.62,77.22,77.74,83.87,83.97,86.39,86.39,91.95,91.33,89.87,94.73,94.59,88.39,92.01,89.24,83.57,87.10,85.94,74.87,65.16,63.20
Indiana,,204.66,201.05,198.46,201.65,201.93,207.06,211.76,216.97,215.39,221.18,233.39,224.25,227.57,233.32,233.66,232.45,230.85,230.39,226.34,204.50,214.91,207.24,193.21,197.85,203.23,185.34,180.38,174.97
,Commercial,5.46,5.29,5.48,5.75,5.58,5.67,6.03,5.86,5.52,5.47,6.26,5.65,5.88,6.75,6.40,5.45,4.72,5.08,6.16,5.81,5.46,5.36,4.61,5.38,5.90,5.37,5.22,5.23
,Industrial,53.75,51.19,50.37,47.18,43.31,45.38,47.51,48.91,48.54,49.87,52.69,54.31,53.99,54.60,56.68,53.36,53.07,52.42,49.67,43.66,47.46,45.69,44.24,45.01,43.66,43.07,42.24,41.72
,Residential,9.65,9.85,10.07,10.87,10.30,10.36,11.71,11.05,9.12,10.37,10.64,9.45,10.19,11.12,9.66,9.49,8.05,9.05,9.73,8.90,8.66,8.26,7.05,8.75,9.44,8.05,7.64,7.58
,Transportation,40.89,39.85,39.28,41.16,42.71,43.87,43.16,43.22,43.61,44.50,46.53,42.52,45.85,47.45,45.08,45.31,46.26,45.04,41.67,40.11,42.19,42.19,41.13,42.90,43.67,43.76,43.67,42.38
,Electric Power,94.91,94.87,93.25,96.69,100.03,101.77,103.35,107.93,108.60,110.97,117.27,112.33,111.67,113.40,115.84,118.84,118.75,118.80,119.11,106.03,111.14,105.74,96.18,95.81,100.55,85.10,81.60,78.06
Iowa,,63.93,66.00,64.60,68.37,69.49,72.89,75.47,75.03,77.14,78.19,79.07,77.94,78.51,78.15,79.57,79.79,81.05,86.62,89.91,85.02,89.52,86.69,81.39,82.48,83.25,77.45,74.22,76.42
,Commercial,3.19,3.51,3.13,3.30,2.92,3.16,3.75,3.85,3.36,3.76,3.54,3.52,3.64,3.77,3.47,3.47,3.83,3.93,4.40,4.67,4.45,4.50,4.09,4.84,4.84,4.50,3.73,3.80
,Industrial,12.73,13.70,14.18,14.72,15.53,15.88,15.94,15.72,15.79,16.04,15.66,15.27,15.08,14.12,14.82,15.09,15.53,17.11,18.38,17.89,19.43,19.73,19.36,20.36,19.89,19.98,20.08,22.59
,Residential,5.02,5.54,5.21,5.83,5.57,5.75,6.44,6.03,5.06,5.53,5.56,4.90,5.26,5.37,4.85,4.84,4.50,4.83,5.52,5.15,4.83,4.81,3.94,5.09,5.38,4.49,4.43,4.35
,Transportation,16.33,15.75,15.56,16.14,17.10,17.78,19.05,18.57,19.20,19.05,18.74,18.63,19.23,19.43,20.49,21.19,21.72,22.07,21.21,20.75,20.72,20.93,20.03,20.42,21.06,20.36,21.50,20.42
,Electric Power,26.65,27.50,26.51,28.38,28.37,30.32,30.28,30.87,33.73,33.79,35.57,35.62,35.30,35.46,35.93,35.20,35.48,38.67,40.39,36.55,40.09,36.73,33.97,31.77,32.08,28.12,24.49,25.25
Kansas,,69.52,68.37,65.85,72.18,72.46,70.22,75.24,71.96,70.07,73.00,74.95,71.10,75.50,77.69,75.57,72.24,72.11,78.11,74.28,72.51,72.30,70.49,65.86,69.48,69.76,64.18,62.15,58.65
,Commercial,3.22,3.39,3.13,3.32,3.09,3.22,3.52,2.53,2.55,2.40,2.54,2.44,2.44,2.42,2.33,1.80,1.70,1.85,2.10,2.01,1.97,1.95,1.62,2.01,2.24,2.51,2.38,2.40
,Industrial,15.78,15.36,16.25,16.13,18.09,14.64,14.59,15.47,13.83,13.73,13.74,12.61,13.35,13.93,13.55,12.21,13.48,15.16,13.16,11.89,12.16,12.18,12.46,12.29,12.31,12.83,13.28,13.64
,Residential,4.09,4.35,4.03,4.75,4.22,4.42,5.04,4.30,4.34,4.58,4.44,4.23,4.37,4.40,4.06,4.03,3.48,3.91,4.52,4.46,4.18,4.06,3.15,4.16,4.40,3.71,3.36,3.37
,Transportation,19.31,18.03,17.81,18.06,17.10,19.02,18.89,18.70,18.75,19.82,18.78,17.52,17.87,19.65,19.06,17.84,18.97,19.34,18.80,19.46,19.22,18.70,18.50,19.62,20.71,19.19,18.73,18.21
,Electric Power,27.11,27.25,24.64,29.92,29.96,28.92,33.19,30.95,30.60,32.46,35.46,34.30,37.46,37.29,36.57,36.36,34.49,37.83,35.71,34.68,34.77,33.60,30.11,31.40,30.11,25.94,24.39,21.04
Kentucky,,118.90,118.89,122.51,133.08,131.05,136.26,137.62,141.87,139.59,143.99,144.50,148.14,148.48,144.59,151.23,153.09,155.81,155.60,152.92,143.45,149.61,147.50,137.21,136.86,137.69,129.31,125.21,115.25
,Commercial,2.63,2.77,2.97,3.03,3.15,3.14,3.20,3.41,2.90,3.44,3.17,2.99,3.05,2.96,3.06,3.04,2.46,2.50,2.55,2.35,2.36,2.30,2.05,2.39,2.55,2.58,2.71,2.50
,Industrial,19.70,18.12,19.14,19.85,19.74,21.21,21.71,20.74,20.10,19.99,19.01,22.07,21.42,20.59,22.95,22.75,24.01,22.94,22.25,20.43,19.14,18.45,17.44,16.89,16.04,16.74,16.42,15.61
,Residential,4.06,4.36,4.53,4.90,4.65,4.91,5.14,4.97,4.16,4.62,4.65,3.94,4.05,4.31,3.97,3.89,3.25,3.49,3.72,3.64,3.70,3.48,2.78,3.43,3.71,3.23,2.90,2.72
,Transportation,26.42,26.40,27.61,28.86,28.62,29.73,27.97,30.24,30.24,31.33,31.45,31.92,33.01,31.62,34.40,33.45,33.30,34.64,31.69,32.14,32.65,32.05,30.60,30.20,31.07,31.94,32.30,32.58
,Electric Power,66.09,67.23,68.27,76.44,74.89,77.26,79.59,82.51,82.19,84.61,86.22,87.22,86.95,85.09,86.86,89.96,92.80,92.04,92.70,84.90,91.77,91.22,84.34,83.94,84.32,74.83,70.88,61.85
Louisiana,,199.17,198.68,205.89,209.52,215.68,215.76,220.91,229.33,215.38,214.13,227.42,204.52,209.93,204.26,209.33,204.02,211.27,210.53,205.53,197.57,217.71,222.21,214.06,209.40,206.41,209.30,211.70,216.44
,Commercial,1.90,1.93,1.95,1.78,1.73,1.49,1.56,1.76,1.62,1.76,2.57,1.98,1.94,2.41,2.15,2.05,1.46,2.66,1.58,2.00,1.95,1.90,1.86,1.81,2.00,2.19,2.17,2.17
,Industrial,110.61,107.48,113.11,115.34,117.80,117.28,121.05,128.05,114.18,113.01,118.02,106.74,108.87,105.56,110.31,105.86,115.26,117.30,114.59,109.14,121.51,122.58,122.27,119.14,118.16,117.68,122.85,126.28
,Residential,3.11,3.21,3.28,3.26,3.06,3.01,3.30,3.39,3.00,2.90,3.27,3.10,2.92,2.78,2.51,2.48,2.05,2.17,2.22,2.20,2.65,2.30,1.82,2.21,2.55,2.12,1.81,1.68
,Transportation,48.91,51.36,51.44,51.28,53.90,53.93,59.26,56.62,55.42,55.28,60.98,53.50,54.84,54.61,53.60,50.96,54.84,50.45,47.46,46.67,49.31,49.40,45.30,45.58,44.53,48.20,48.79,53.04
,Electric Power,34.64,34.71,36.11,37.87,39.19,40.05,35.73,39.51,41.16,41.17,42.57,39.21,41.36,38.89,40.76,42.66,37.67,37.96,39.68,37.56,42.29,46.04,42.81,40.67,39.17,39.12,36.08,33.26
Maine,,18.92,18.41,19.22,18.78,20.14,18.84,19.35,19.60,19.23,20.19,22.12,22.28,23.79,23.59,23.96,22.99,21.12,20.81,18.99,18.24,18.02,17.52,15.85,16.60,16.66,16.86,16.48,15.63
,Commercial,2.23,2.21,1.79,1.77,1.80,1.52,1.68,1.65,1.71,1.59,1.89,1.59,1.81,2.31,2.18,2.09,1.81,2.17,2.17,1.81,1.71,1.85,1.58,1.61,1.71,1.77,1.61,1.70
,Industrial,3.35,3.94,5.29,5.00,6.22,4.84,4.98,4.37,3.64,3.34,4.26,3.45,3.87,2.39,3.39,3.12,3.23,3.27,3.11,2.72,2.68,2.58,2.39,2.36,1.90,1.65,1.47,1.42
,Residential,2.99,2.99,3.01,3.13,3.20,3.94,4.05,3.92,4.23,4.03,3.90,3.88,3.49,4.78,5.20,4.63,4.02,3.84,3.11,2.93,2.65,2.72,2.24,2.40,2.56,3.03,2.95,2.98
,Transportation,8.29,7.59,7.48,7.58,7.70,7.30,7.55,7.92,7.73,7.99,8.57,7.65,8.74,9.36,8.69,9.35,9.37,8.96,8.07,8.42,8.41,8.30,7.91,8.80,8.85,8.84,8.97,8.50
,Electric Power,2.06,1.68,1.65,1.31,1.21,1.23,1.09,1.74,1.92,3.25,3.49,5.70,5.88,4.75,4.51,3.79,2.69,2.57,2.53,2.36,2.57,2.08,1.73,1.43,1.65,1.57,1.49,1.03
Maryland,,70.55,69.38,67.43,69.65,70.81,70.38,72.54,72.74,75.47,78.14,77.78,78.45,78.45,81.17,82.57,84.24,77.43,77.77,74.02,70.83,69.49,64.88,60.39,59.71,61.95,60.06,58.16,52.73
,Commercial,2.93,3.54,4.03,3.90,4.28,4.79,4.28,4.22,4.69,4.52,4.69,4.85,4.86,5.32,5.17,4.99,4.56,4.66,4.67,4.76,4.57,4.57,4.39,4.72,5.07,5.32,5.13,5.24
,Industrial,11.67,9.84,7.09,7.02,7.10,6.83,7.45,7.67,7.25,7.17,6.80,8.53,8.29,7.91,8.88,8.48,6.16,5.62,5.47,4.59,4.38,4.29,3.84,3.24,3.34,3.15,2.90,2.90
,Residential,6.20,6.27,6.72,7.08,7.03,6.91,7.78,7.05,6.26,6.66,7.19,6.48,6.75,7.44,7.14,7.18,5.90,6.50,6.34,6.47,6.57,5.91,5.22,6.22,6.97,6.56,5.51,5.38
,Transportation,23.64,24.02,24.62,24.41,24.38,24.75,25.44,26.18,26.97,28.41,28.59,28.75,28.34,29.41,31.05,31.98,31.91,31.31,30.12,31.08,29.45,28.44,28.23,28.45,27.83,28.60,27.72,27.50
,Electric Power,26.10,25.72,24.97,27.23,28.02,27.09,27.59,27.61,30.30,31.37,30.50,29.84,30.22,31.09,30.32,31.60,28.89,29.68,27.42,23.93,24.52,21.67,18.72,17.08,18.73,16.43,16.91,11.71
Massachusetts,,83.07,81.87,83.86,81.06,81.29,78.65,79.32,85.36,83.16,80.78,81.96,81.76,82.68,84.17,82.57,84.07,76.24,79.59,76.58,70.23,71.84,68.18,61.90,65.75,63.89,65.75,64.21,64.35
,Commercial,8.39,9.17,8.93,7.99,8.87,8.96,9.06,9.45,8.08,6.20,6.77,5.75,5.87,7.09,6.52,6.66,5.00,5.34,5.59,5.79,6.71,6.32,5.23,6.76,7.15,7.56,6.98,7.36
,Industrial,5.55,4.97,6.74,6.92,5.97,5.22,5.22,5.34,5.23,5.92,5.71,6.79,6.64,4.41,4.24,4.52,4.37,4.31,3.95,3.20,3.64,3.87,3.36,3.57,3.47,3.50,3.38,3.53
,Residential,15.08,14.30,16.40,16.51,16.34,14.75,14.54,14.37,13.19,14.01,15.58,15.94,15.85,16.33,14.93,14.85,12.79,13.50,14.37,13.83,13.56,13.61,11.79,12.34,13.63,13.57,11.40,12.37
,Transportation,28.93,27.68,27.52,27.76,27.92,28.42,29.77,30.20,30.23,31.00,32.09,31.66,31.80,31.71,33.50,33.94,32.83,33.16,32.86,30.14,29.92,30.17,29.47,30.56,28.94,29.87,31.79,30.84
,Electric Power,25.11,25.75,24.27,21.86,22.20,21.30,20.73,26.00,26.43,23.66,21.82,21.63,22.53,24.64,23.38,24.10,21.25,23.28,19.82,17.28,18.00,14.21,12.05,12.52,10.70,11.25,10.66,10.26
Michigan,,179.21,178.00,176.85,178.02,185.40,187.65,193.14,191.03,187.87,195.76,191.77,187.85,187.60,185.08,187.15,188.48,177.59,180.27,173.89,163.21,163.69,158.58,152.07,160.85,160.86,160.98,151.50,152.91
,Commercial,10.67,10.83,11.04,11.21,11.51,12.18,12.70,12.13,10.35,10.89,11.31,10.68,10.94,11.24,10.82,10.58,9.16,9.97,10.55,10.26,9.36,9.94,8.73,10.28,12.02,10.76,10.20,10.59
,Industrial,31.29,28.53,28.85,25.19,27.30,27.08,27.60,26.25,24.43,27.76,26.85,25.38,24.11,23.85,24.26,24.03,22.55,20.58,20.04,15.50,17.65,17.93,17.91,19.94,19.83,19.70,18.00,19.14
,Residential,22.11,22.56,23.51,24.38,23.86,24.84,26.50,25.29,21.48,23.68,24.46,23.58,24.79,25.92,23.97,23.93,20.01,21.06,21.53,20.50,18.89,19.46,16.81,20.63,21.92,19.37,18.62,18.94
,Transportation,47.96,48.64,49.17,52.04,52.06,53.52,54.24,55.34,56.66,59.13,57.20,56.58,57.77,55.47,56.22,55.65,55.46,54.71,50.43,48.95,48.68,47.48,46.81,49.03,48.52,49.76,50.39,49.82
,Electric Power,67.17,67.45,64.27,65.20,70.67,70.03,72.10,72.01,74.96,74.30,71.95,71.61,69.98,68.60,71.88,74.30,70.41,73.95,71.34,68.00,69.11,63.76,61.82,60.98,58.57,61.39,54.29,54.43
Minnesota,,79.66,79.55,80.89,85.54,87.11,89.82,94.76,92.56,91.67,92.44,97.59,94.49,96.79,101.00,100.09,101.22,98.61,100.15,99.68,91.83,91.85,91.63,86.78,89.48,94.36,87.57,89.13,88.69
,Commercial,5.68,5.46,5.04,5.32,5.47,5.92,6.30,6.16,5.45,5.44,5.82,5.83,6.37,6.42,5.92,6.04,5.89,5.86,6.52,6.30,5.71,6.02,5.31,6.71,7.09,6.32,6.30,6.61
,Industrial,12.47,11.87,13.13,13.64,13.95,14.30,16.00,15.31,15.28,14.76,14.99,13.50,13.66,13.85,14.24,14.50,14.46,15.36,16.84,15.02,17.25,17.35,17.24,17.83,18.22,16.42,17.00,17.68
,Residential,8.10,8.87,8.45,9.12,9.02,9.42,10.68,9.64,8.06,8.54,9.32,8.93,9.32,9.82,9.40,9.00,8.16,8.86,9.57,9.00,8.30,8.34,7.30,9.22,9.87,8.07,8.05,8.59
,Transportation,23.80,24.90,26.20,27.65,28.59,29.65,30.65,30.14,31.64,33.74,35.00,34.21,34.78,34.84,36.01,36.51,36.00,36.12,34.14,31.66,31.56,31.27,31.73,30.24,30.39,30.04,31.55,31.06
,Electric Power,29.61,28.44,28.07,29.80,30.10,30.53,31.12,31.31,31.24,29.96,32.45,32.01,32.66,36.06,34.53,35.16,34.09,33.95,32.61,29.85,29.03,28.65,25.21,25.48,28.80,26.71,26.22,24.77
Mississippi,,48.44,48.25,48.33,50.60,50.37,51.73,54.55,56.03,56.64,61.36,61.00,69.33,62.24,63.47,65.16,63.56,65.75,67.92,64.45,60.43,65.27,60.53,62.46,60.66,63.85,65.25,68.95,68.29
,Commercial,1.34,1.33,1.35,1.33,1.42,1.37,1.57,1.53,1.51,1.42,1.60,1.63,1.49,1.66,1.47,1.41,1.29,1.76,1.52,1.46,1.54,1.51,1.36,1.44,1.66,1.62,1.55,1.56
,Industrial,11.85,11.04,11.42,10.85,10.14,9.99,10.37,10.23,9.33,11.73,10.94,10.80,10.87,10.62,11.43,10.60,11.02,11.11,10.70,9.84,11.15,10.51,10.96,10.99,10.82,10.78,10.22,11.20
,Residential,1.84,1.81,1.86,2.02,1.95,1.88,2.16,2.00,1.85,1.86,2.36,2.41,2.08,1.95,1.79,1.75,1.56,1.61,1.77,1.76,1.95,1.73,1.35,1.70,1.96,1.60,1.42,1.31
,Transportation,20.22,22.04,22.93,22.99,23.04,23.28,23.55,24.36,24.61,25.96,25.22,24.46,25.00,26.58,25.79,25.26,26.73,26.40,25.28,24.67,24.57,24.09,25.82,25.14,26.00,26.77,29.99,30.62
,Electric Power,13.20,12.03,10.77,13.42,13.83,15.22,16.89,17.91,19.34,20.39,20.88,30.02,22.80,22.65,24.68,24.55,25.14,27.05,25.18,22.70,26.06,22.70,22.96,21.39,23.41,24.48,25.76,23.59
Missouri,,102.59,102.83,102.58,101.41,109.10,116.64,123.15,126.84,130.00,130.45,125.08,131.10,131.54,138.28,139.50,142.39,141.29,139.92,136.79,130.42,134.21,134.15,126.74,131.66,131.36,122.72,116.86,121.98
,Commercial,4.44,4.65,4.49,5.03,4.77,4.74,5.34,5.22,4.48,4.76,4.64,5.19,4.62,4.52,4.55,4.24,3.97,4.01,4.55,4.14,4.07,4.01,3.62,4.25,4.76,4.49,4.21,4.19
,Industrial,9.67,8.98,9.36,9.68,9.93,9.98,10.14,10.39,10.40,11.47,9.75,11.34,11.52,11.34,13.02,12.70,12.94,12.69,11.48,9.63,9.57,8.08,9.07,8.86,9.29,9.70,8.10,8.07
,Residential,7.46,7.97,7.68,8.74,8.05,8.24,9.32,8.64,7.26,7.76,7.76,8.47,7.84,7.80,7.29,7.00,6.25,6.70,7.54,6.92,6.92,6.53,5.25,6.68,7.28,6.01,5.61,5.39
,Transportation,33.81,33.69,34.94,35.92,36.94,38.36,40.45,41.36,45.00,44.35,39.47,39.61,40.57,41.99,40.83,41.67,42.05,42.38,39.72,38.91,38.90,38.20,36.97,37.37,38.00,37.80,38.22,37.76
,Electric Power,47.21,47.54,46.11,42.04,49.41,55.32,57.90,61.22,62.87,62.11,63.47,66.50,66.99,72.63,73.80,76.78,76.07,74.14,73.50,70.83,74.75,77.33,71.83,74.50,72.02,64.72,60.72,66.58
Montana,,28.32,29.54,30.89,28.47,31.46,31.10,28.26,30.28,31.93,32.64,31.55,31.80,30.76,32.78,34.43,35.50,35.74,37.77,36.98,32.91,34.57,31.75,30.49,31.95,32.35,32.29,30.81,30.89
,Commercial,0.89,0.90,0.77,0.87,0.81,0.83,0.95,0.97,0.77,0.75,0.85,0.86,0.91,1.03,1.11,1.13,1.11,0.87,1.01,1.41,1.24,1.36,1.20,1.28,1.31,1.24,1.38,1.48
,Industrial,4.42,4.26,4.38,4.76,4.92,5.32,4.99,4.58,4.90,5.26,4.71,4.07,4.57,4.70,5.10,5.42,5.92,6.76,6.37,4.97,4.01,4.17,4.56,4.69,4.59,4.44,4.25,4.45
,Residential,1.25,1.30,1.13,1.33,1.21,1.28,1.47,1.49,1.24,1.25,1.38,1.38,1.45,1.53,1.62,1.60,1.57,1.62,1.80,1.78,1.63,1.71,1.47,1.56,1.62,1.50,1.46,1.66
,Transportation,5.85,5.78,6.28,6.46,6.73,7.00,6.91,7.07,7.09,7.36,7.46,7.59,7.61,7.22,7.80,8.29,8.53,8.94,8.23,7.85,8.07,8.11,7.87,8.12,7.84,7.67,7.91,8.04
,Electric Power,15.91,17.29,18.33,15.04,17.79,16.67,13.94,16.17,17.93,18.04,17.15,17.90,16.22,18.31,18.80,19.05,18.61,19.58,19.58,16.90,19.62,16.41,15.40,16.30,16.99,17.44,15.82,15.25
Nebraska,,32.95,33.84,32.77,36.23,36.14,38.79,39.90,41.31,42.74,41.53,41.26,42.56,41.96,43.09,42.91,43.35,43.91,44.29,46.33,46.92,49.51,51.94,50.20,53.11,51.81,50.37,48.23,47.68
,Commercial,2.13,2.28,2.00,1.98,2.23,2.20,2.32,2.08,1.68,1.60,1.77,1.73,1.65,1.72,1.82,1.62,1.68,1.79,2.08,1.87,1.86,1.87,1.58,1.98,2.00,1.96,1.81,1.93
,Industrial,4.31,4.32,4.50,5.27,5.48,5.51,4.97,5.41,6.21,5.40,5.65,5.90,5.77,5.72,5.94,5.87,6.55,7.34,7.57,7.22,7.81,8.45,9.02,9.12,8.99,9.04,9.35,9.30
,Residential,2.51,2.74,2.54,2.88,2.67,2.69,3.07,2.88,2.63,2.63,2.77,2.98,2.89,2.76,2.52,2.51,2.35,2.54,2.88,2.68,2.67,2.62,2.06,2.72,2.77,2.34,2.20,2.21
,Transportation,10.53,10.26,10.62,10.62,10.88,11.55,12.65,12.85,13.47,13.81,12.17,11.46,11.78,12.10,12.25,12.26,12.42,12.49,12.19,12.32,14.34,13.85,13.41,13.52,13.99,13.88,13.94,14.01
,Electric Power,13.47,14.25,13.12,15.48,14.88,16.86,16.88,18.08,18.75,18.10,18.90,20.48,19.88,20.78,20.39,21.08,20.91,20.12,21.61,22.84,22.83,25.14,24.14,25.77,24.06,23.15,20.93,20.24
Nevada,,30.62,32.55,33.59,34.05,36.27,35.41,38.12,38.05,40.34,41.09,45.12,44.37,41.29,43.39,47.56,49.69,41.47,41.66,40.82,39.32,37.52,33.84,34.52,36.40,37.16,35.26,36.70,36.64
,Commercial,1.07,1.16,1.11,1.41,1.43,1.43,1.61,1.37,1.49,1.47,1.63,1.44,1.47,1.48,1.66,1.76,1.84,1.75,1.79,1.78,1.82,1.87,1.76,1.93,1.79,2.19,2.25,2.36
,Industrial,2.14,2.24,2.52,2.57,2.69,3.06,2.72,2.87,2.76,2.62,2.48,2.45,2.19,2.02,2.53,2.80,2.90,2.85,2.74,2.66,2.73,1.81,2.12,2.43,3.23,2.11,3.14,3.44
,Residential,1.19,1.29,1.23,1.37,1.39,1.31,1.44,1.60,1.91,1.82,1.84,1.97,1.99,1.97,2.16,2.22,2.28,2.28,2.32,2.34,2.36,2.39,2.17,2.45,2.06,2.18,2.30,2.41
,Transportation,9.44,9.83,10.03,10.40,11.00,11.42,12.78,12.75,13.08,13.91,14.50,14.51,14.75,15.11,16.08,16.78,17.93,18.12,16.12,14.54,13.90,13.31,13.88,14.30,14.23,14.39,15.15,15.59
,Electric Power,16.78,18.03,18.69,18.30,19.77,18.19,19.57,19.45,21.10,21.26,24.68,24.00,20.89,22.81,25.13,26.12,16.53,16.66,17.84,18.01,16.70,14.46,14.59,15.29,15.85,14.39,13.87,12.84
New Hampshire,,14.58,14.25,14.37,14.83,14.91,15.02,15.26,16.51,16.50,16.67,17.33,16.81,17.53,20.78,21.78,21.10,19.22,19.02,18.62,16.95,16.53,16.19,14.55,14.29,15.00,15.19,13.77,13.55
,Commercial,1.37,1.33,1.20,1.18,1.33,1.22,1.35,1.37,1.21,1.25,1.53,1.39,1.39,1.73,1.87,1.99,1.38,1.43,1.42,1.37,1.23,1.35,1.24,1.27,1.41,1.47,1.38,1.31
,Industrial,0.79,0.80,1.10,1.33,1.13,1.04,1.02,0.98,0.95,0.94,1.19,1.21,1.10,1.11,1.12,0.97,1.10,0.87,0.82,0.73,0.74,0.73,0.67,0.79,0.83,0.77,0.74,0.78
,Residential,2.44,2.44,2.55,2.54,2.60,2.73,2.90,2.88,2.81,2.83,2.90,2.83,2.64,3.27,3.36,3.15,2.77,2.76,2.71,2.53,2.25,2.36,1.93,2.29,2.72,2.72,2.53,2.78
,Transportation,5.22,5.32,5.29,5.37,5.50,5.75,5.91,6.23,6.85,7.10,7.25,7.26,8.13,7.59,7.79,7.34,7.25,7.35,7.14,7.06,6.99,6.84,6.62,6.69,6.76,6.75,6.76,6.87
,Electric Power,4.76,4.36,4.23,4.41,4.35,4.28,4.07,5.05,4.67,4.55,4.47,4.12,4.28,7.09,7.64,7.65,6.73,6.62,6.54,5.27,5.33,4.91,4.09,3.25,3.27,3.47,2.36,1.82
New Jersey,,110.81,111.72,118.45,115.32,125.25,125.00,124.83,126.56,121.92,125.43,125.16,122.24,121.95,123.59,126.34,131.05,123.58,131.37,129.07,112.22,114.70,116.06,104.96,107.93,114.13,112.40,111.55,103.21
,Commercial,10.95,11.05,11.46,10.82,11.06,10.09,11.27,11.56,10.23,11.77,11.04,9.57,9.56,10.65,10.90,11.28,9.55,10.99,10.65,11.12,10.91,11.68,10.46,10.55,12.29,10.69,9.99,9.72
,Industrial,15.08,15.30,19.33,19.62,20.33,20.59,20.61,20.76,19.68,20.08,13.29,14.48,13.69,14.10,14.47,14.47,13.20,13.04,11.31,9.70,8.89,10.13,10.20,9.62,9.60,9.56,9.99,9.24
,Residential,15.53,15.50,16.81,16.47,18.30,16.28,17.97,17.22,15.25,16.27,17.03,16.51,15.86,18.49,17.49,16.92,14.17,16.12,15.89,15.56,14.62,13.95,12.48,14.73,16.18,15.55,13.57,13.90
,Transportation,57.08,57.86,58.15,55.04,60.17,61.10,59.23,59.92,60.88,60.71,64.94,63.08,63.83,62.40,64.60,69.31,68.57,71.99,72.72,61.29,62.64,64.76,57.03,58.66,59.36,58.77,58.36,53.65
,Electric Power,12.16,12.00,12.70,13.36,15.39,16.94,15.75,17.10,15.88,16.60,18.86,18.59,19.01,17.94,18.88,19.07,18.08,19.21,18.50,14.55,17.63,15.53,14.79,14.37,16.70,17.84,19.64,16.69
New Mexico,,52.59,48.02,50.65,51.58,51.53,50.08,52.24,55.58,55.18,56.02,57.86,58.00,55.04,57.25,58.34,58.94,59.88,58.54,56.41,57.30,53.39,55.78,53.72,53.34,50.30,50.42,48.62,49.37
,Commercial,1.66,1.67,1.73,1.73,1.47,1.47,1.59,1.64,1.58,1.67,1.63,1.76,1.74,1.77,1.71,1.70,1.55,1.55,1.74,1.55,1.56,1.55,1.55,1.65,1.63,1.70,1.69,1.59
,Industrial,7.01,6.46,6.71,6.47,6.54,6.86,8.05,7.31,6.47,6.47,7.77,7.82,7.12,7.73,8.20,7.88,7.85,8.53,8.14,7.44,7.48,7.70,7.73,7.53,7.92,7.73,7.75,8.06
,Residential,1.97,1.96,2.00,1.95,1.82,1.76,2.05,2.24,2.23,2.32,2.31,2.58,2.35,2.20,2.30,2.27,2.13,2.23,2.28,2.20,2.30,2.21,2.07,2.32,2.08,2.10,2.10,1.90
,Transportation,14.87,14.63,14.12,14.82,14.12,12.73,12.79,15.49,15.49,15.55,15.28,15.65,15.43,15.12,15.70,15.33,15.97,15.40,14.06,13.77,13.28,13.74,13.75,13.84,14.39,14.52,14.24,15.15
,Electric Power,27.08,23.31,26.10,26.61,27.59,27.26,27.76,28.91,29.40,30.01,30.87,30.18,28.39,30.43,30.43,31.76,32.38,30.83,30.19,32.35,28.78,30.58,28.63,27.98,24.27,24.37,22.83,22.66
New York,,207.74,199.92,199.29,193.69,191.78,197.44,200.19,204.90,203.18,205.82,211.50,207.34,201.70,211.75,214.46,211.01,193.32,199.52,190.00,173.99,174.31,164.96,161.95,162.90,170.31,168.64,165.01,159.95
,Commercial,26.84,26.49,27.55,28.22,27.69,26.94,27.80,29.64,27.71,30.20,32.07,30.67,31.21,33.00,34.71,28.56,25.36,26.63,25.78,25.02,24.14,24.17,20.92,22.40,22.06,22.81,21.70,22.11
,Industrial,20.18,19.39,20.64,20.28,20.51,22.34,23.08,22.37,21.43,17.75,17.24,16.43,14.98,14.30,14.14,14.95,14.55,13.84,13.37,11.11,10.07,10.37,10.34,9.79,9.30,9.74,9.43,9.19
,Residential,33.79,33.04,36.43,35.85,35.43,34.40,36.74,34.85,31.76,34.47,39.44,38.38,36.13,39.23,38.26,39.25,32.59,36.33,35.07,32.63,31.44,30.85,30.14,31.97,35.33,35.36,30.74,31.39
,Transportation,64.13,62.49,61.01,61.90,60.85,62.64,65.88,65.82,66.34,66.73,67.09,67.06,68.70,73.52,75.24,73.53,74.51,73.78,73.20,71.08,70.91,65.96,68.40,68.84,73.25,71.64,75.45,75.19
,Electric Power,62.80,58.51,53.66,47.43,47.30,51.13,46.69,52.21,55.94,56.68,55.66,54.80,50.67,51.71,52.12,54.73,46.31,48.93,42.59,34.15,37.75,33.61,32.14,29.90,30.38,29.09,27.70,22.08
North Carolina,,110.76,110.33,120.68,126.18,121.41,127.65,139.46,141.65,140.61,139.34,146.99,142.45,143.69,144.60,147.81,151.90,146.46,152.23,147.15,131.18,140.85,126.83,119.85,123.94,126.09,119.95,119.59,115.54
,Commercial,3.76,3.58,3.82,3.96,4.32,4.14,4.67,4.46,4.35,4.08,4.57,4.52,4.02,4.86,5.27,5.01,4.58,4.15,4.96,5.23,5.07,4.31,4.13,4.25,4.81,5.27,5.20,5.08
,Industrial,17.30,16.70,18.41,17.54,16.77,17.93,17.93,17.61,16.61,15.59,16.15,15.38,14.53,13.61,13.90,13.98,13.06,12.30,11.46,9.90,10.64,10.29,9.92,10.51,10.10,9.89,9.99,10.04
,Residential,5.26,5.38,6.03,6.29,5.93,6.56,7.53,6.86,6.67,6.35,7.15,6.81,6.34,7.22,7.14,6.59,5.66,5.54,5.95,5.71,6.37,5.13,4.34,5.16,5.68,5.34,5.10,4.52
,Transportation,38.39,37.88,38.63,40.02,41.26,42.88,45.39,46.19,47.25,48.23,49.92,49.16,49.76,50.59,52.14,53.42,52.85,54.29,52.47,47.95,48.08,46.69,45.78,49.48,49.54,48.56,49.31,49.46
,Electric Power,46.05,46.79,53.80,58.36,53.13,56.14,63.94,66.53,65.74,65.08,69.19,66.59,69.04,68.32,69.37,72.90,70.31,75.94,72.32,62.39,70.70,60.41,55.68,54.54,55.96,50.89,49.99,46.44
North Dakota,,40.59,42.00,43.25,43.68,44.07,43.92,44.95,43.81,44.19,45.81,47.69,48.22,48.01,47.67,46.54,49.07,46.99,49.09,49.58,47.73,48.42,50.22,52.57,53.82,55.45,54.04,51.08,52.10
,Commercial,0.85,0.88,0.82,0.87,0.90,0.91,1.01,0.98,0.88,0.89,0.96,0.98,1.02,1.01,1.08,1.14,0.84,1.11,1.01,0.97,0.98,1.33,1.22,1.58,1.58,1.14,1.05,1.16
,Industrial,6.07,6.13,6.20,6.08,6.52,7.09,6.40,6.61,6.65,6.48,7.72,8.04,7.46,7.45,7.40,7.57,7.63,7.82,8.39,7.46,8.89,10.30,10.82,11.81,12.58,11.63,10.63,10.95
,Residential,1.12,1.23,1.10,1.14,1.08,1.14,1.30,1.27,1.06,1.16,1.28,1.28,1.26,1.33,1.32,1.26,1.08,1.17,1.31,1.16,1.06,1.10,0.92,1.11,1.18,1.00,0.96,1.01
,Transportation,4.63,4.69,4.91,5.16,5.11,5.11,5.24,5.32,4.76,5.68,5.56,6.02,6.00,6.09,6.32,6.25,6.21,7.07,6.30,5.92,6.78,7.93,9.04,9.45,10.06,9.31,8.36,8.85
,Electric Power,27.93,29.08,30.23,30.42,30.47,29.68,31.00,29.63,30.84,31.60,32.17,31.89,32.28,31.79,30.42,32.85,31.24,31.92,32.56,32.23,30.71,29.55,30.58,29.87,30.05,30.96,30.08,30.13
Ohio,,245.46,243.43,247.93,252.12,248.61,251.06,263.90,260.13,257.73,256.79,262.93,253.48,259.30,266.23,261.62,267.66,261.16,267.24,260.93,236.23,246.10,234.63,215.19,228.45,229.72,211.68,205.44,204.94
,Commercial,10.58,10.56,11.14,11.16,11.15,11.61,12.80,12.50,10.56,10.88,11.55,11.14,11.09,11.49,11.56,10.95,9.39,10.30,11.05,10.84,10.53,10.57,9.59,10.84,11.74,11.76,10.93,11.18
,Industrial,50.12,45.94,47.75,44.83,45.14,44.15,43.98,42.94,42.23,41.96,38.82,38.91,37.18,37.89,36.92,35.88,37.14,38.55,38.41,32.64,35.59,34.64,36.44,37.31,38.65,37.20,36.19,36.68
,Residential,20.59,21.16,22.19,23.12,22.35,23.02,24.34,23.00,19.34,21.34,22.05,19.50,20.53,21.98,20.69,20.49,17.22,18.89,19.21,18.42,17.59,17.58,15.26,17.98,19.80,17.85,16.20,16.38
,Transportation,56.11,55.43,54.77,57.65,58.25,59.37,62.47,64.26,65.09,66.92,68.84,68.61,69.19,69.81,71.52,71.08,71.77,72.12,67.97,63.35,64.63,63.88,61.90,63.11,64.00,64.04,63.24,63.31
,Electric Power,108.05,110.35,112.09,115.35,111.71,112.91,120.30,117.43,120.52,115.69,121.66,115.32,121.30,125.06,120.93,129.25,125.64,127.38,124.29,110.98,117.76,107.96,91.99,99.22,95.53,80.83,78.88,77.40
Oklahoma,,88.82,90.16,93.23,96.39,94.62,95.67,98.39,99.74,97.09,96.12,99.71,101.06,101.10,103.38,99.07,105.79,108.60,109.09,111.69,105.92,105.71,107.37,104.70,103.44,104.57,100.88,97.06,93.97
,Commercial,2.52,2.53,2.20,2.42,2.16,2.34,2.76,3.17,2.70,2.42,2.55,2.63,2.52,2.27,2.29,2.40,2.21,2.60,2.65,2.72,2.73,2.58,2.40,2.84,3.03,3.10,2.89,2.95
,Industrial,23.14,20.85,22.06,23.26,22.57,22.78,21.98,22.54,20.53,19.78,18.83,17.85,17.49,19.27,19.75,20.11,21.72,21.29,22.29,19.40,20.33,20.87,21.69,21.80,22.71,22.25,23.07,24.58
,Residential,3.86,4.05,3.83,4.55,4.05,3.99,4.56,4.25,3.94,3.88,4.22,4.11,4.39,4.13,3.74,3.69,3.36,3.87,4.14,3.89,4.09,3.80,3.04,4.10,4.27,3.73,3.21,3.26
,Transportation,23.91,24.51,26.45,25.59,26.43,25.21,26.75,26.46,27.03,28.30,30.25,33.12,30.95,31.49,29.04,30.71,31.61,32.20,31.92,30.60,31.57,31.40,30.80,30.88,32.98,32.52,32.80,32.88
,Electric Power,35.38,38.23,38.69,40.56,39.42,41.34,42.34,43.31,42.89,41.73,43.85,43.35,45.75,46.22,44.25,48.88,49.70,49.13,50.69,49.31,46.98,48.72,46.76,43.82,41.58,39.27,35.09,30.31
Oregon,,31.07,34.70,35.84,35.43,37.11,34.41,36.50,36.15,41.86,43.31,41.47,40.64,39.10,39.57,40.65,41.08,40.27,43.66,42.66,40.82,40.52,37.08,36.81,39.02,37.91,37.99,37.84,38.76
,Commercial,1.90,1.88,1.67,1.82,1.73,1.80,1.92,1.91,1.99,2.06,2.10,2.17,2.09,1.76,1.75,1.86,1.85,1.88,2.03,2.05,1.88,1.98,1.80,1.84,1.79,1.98,2.10,2.53
,Industrial,5.32,5.47,6.16,6.11,6.05,6.49,6.94,7.07,8.13,8.90,6.64,5.56,5.84,5.18,5.55,5.20,5.60,5.28,5.31,4.61,4.42,4.85,4.78,4.65,4.75,4.71,4.93,4.88
,Residential,2.03,2.17,1.89,2.40,2.34,2.21,2.46,2.36,2.45,2.77,2.73,2.74,2.73,2.58,2.50,2.65,2.68,2.71,2.89,2.88,2.54,2.88,2.63,2.78,2.54,2.32,2.50,3.01
,Transportation,20.02,21.56,21.61,20.78,21.53,21.18,21.98,22.11,23.11,23.35,22.65,21.65,22.06,22.00,22.81,23.32,23.83,24.26,22.46,22.52,22.03,21.06,20.75,20.81,20.99,20.48,20.59,20.88
,Electric Power,1.80,3.61,4.51,4.31,5.45,2.73,3.20,2.70,6.19,6.22,7.34,8.52,6.38,8.05,8.03,8.05,6.31,9.52,9.97,8.76,9.64,6.31,6.85,8.94,7.84,8.50,7.71,7.46
Pennsylvania,,264.65,257.19,265.50,267.29,264.61,267.27,272.64,277.07,262.73,260.87,273.50,260.76,267.30,270.94,274.15,276.76,270.84,274.04,265.70,241.78,252.02,244.50,235.04,244.29,244.28,228.67,216.17,216.70
,Commercial,13.30,13.27,14.21,13.35,14.42,14.25,14.43,13.71,12.09,12.22,12.96,12.73,12.71,13.43,12.99,12.94,11.78,12.47,11.69,10.84,10.57,10.34,9.07,10.50,11.23,11.47,10.60,10.94
,Industrial,64.10,58.02,62.23,59.73,59.80,59.68,59.12,61.48,49.12,48.55,48.80,47.54,47.13,48.05,48.25,46.33,46.32,45.59,44.71,35.42,39.97,40.47,41.95,48.98,52.87,50.49,45.86,47.78
,Residential,23.68,23.90,25.50,26.22,25.87,25.00,26.17,24.73,21.11,23.54,25.72,24.46,23.80,26.40,25.27,23.91,20.25,21.72,25.41,19.86,20.21,19.46,17.27,20.02,22.32,20.75,18.48,18.53
,Transportation,59.52,59.35,60.65,62.04,62.37,63.13,62.83,65.59,67.69,68.29,70.49,70.34,70.70,69.59,71.28,72.61,72.11,71.43,66.39,65.22,64.68,62.81,61.95,61.37,61.19,59.93,60.73,64.28
,Electric Power,104.07,102.65,102.90,105.94,102.15,105.21,110.10,111.56,112.72,108.26,115.54,105.68,112.95,113.47,116.36,120.97,120.38,122.82,117.50,110.43,116.59,111.43,104.79,103.43,96.67,86.03,80.50,75.15
Rhode Island,,8.91,10.80,13.05,10.85,12.83,12.09,13.52,13.62,13.86,13.20,11.75,12.30,11.72,11.53,10.96,11.21,10.53,11.08,10.68,11.24,11.03,11.06,10.56,10.16,10.66,10.90,9.72,10.13
,Commercial,1.12,1.16,1.08,1.14,1.38,1.26,1.42,1.35,1.15,1.09,1.23,1.26,1.16,1.30,1.21,1.14,0.95,1.05,0.94,1.04,0.92,0.86,0.79,0.91,1.13,0.99,0.86,0.87
,Industrial,0.65,1.78,2.94,0.98,2.62,2.23,1.81,1.66,2.55,2.14,0.69,0.55,0.52,0.57,0.61,0.62,0.62,0.61,0.54,0.66,0.60,0.56,0.54,0.56,0.56,0.59,0.60,0.62
,Residential,2.34,2.36,2.78,2.66,2.71,2.50,2.68,2.63,2.39,2.34,2.52,2.59,2.47,2.82,2.80,2.71,2.20,2.29,2.24,2.34,2.22,2.12,2.05,2.25,2.32,2.44,1.82,1.85
,Transportation,4.13,4.15,4.07,4.08,3.99,4.12,4.17,4.63,4.48,4.66,4.64,4.69,4.64,4.56,4.39,4.35,4.42,4.32,4.08,4.19,4.21,4.04,3.85,3.88,4.16,4.09,3.87,3.99
,Electric Power,0.66,1.36,2.17,2.00,2.12,1.98,3.44,3.36,3.28,2.97,2.66,3.22,2.93,2.29,1.96,2.39,2.33,2.81,2.88,3.01,3.08,3.48,3.33,2.57,2.49,2.79,2.57,2.80
South Carolina,,60.84,62.03,61.23,65.68,65.86,64.89,68.97,71.03,74.28,77.63,80.62,79.38,80.77,81.29,88.89,87.25,88.07,88.20,85.84,81.17,83.98,79.64,73.53,70.17,74.35,73.30,72.11,69.77
,Commercial,1.43,1.41,1.56,1.76,1.67,1.73,1.78,1.73,1.98,2.30,1.80,1.69,1.65,1.68,1.70,1.72,1.82,1.63,1.75,1.57,1.76,1.60,1.56,1.67,1.80,2.10,2.14,2.15
,Industrial,13.40,13.14,13.67,14.22,13.82,13.61,13.10,13.47,13.71,13.55,13.47,14.20,14.38,14.35,14.79,13.86,13.40,12.20,11.24,10.49,9.34,8.79,8.28,8.08,8.44,8.74,8.47,8.25
,Residential,2.07,2.25,2.16,2.43,2.19,2.26,2.52,2.26,2.20,2.29,2.43,2.18,2.16,2.33,2.36,2.27,1.95,1.85,1.94,1.92,2.26,1.83,1.51,1.84,2.06,1.85,1.79,1.64
,Transportation,22.03,22.83,22.04,22.32,22.72,22.73,23.29,24.32,25.72,26.49,27.06,27.33,27.94,28.19,32.14,30.50,31.93,31.83,30.13,30.64,30.78,30.40,29.56,31.04,30.37,31.93,32.76,33.18
,Electric Power,21.92,22.41,21.81,24.96,25.46,24.56,28.28,29.25,30.66,33.00,35.86,33.97,34.65,34.74,37.90,38.90,38.96,40.68,40.78,36.55,39.85,37.02,32.61,27.55,31.68,28.68,26.95,24.55
South Dakota,,11.93,11.71,11.79,12.47,13.14,12.90,12.81,13.36,12.81,13.43,14.14,13.44,13.70,13.64,13.69,13.23,13.31,13.82,14.91,14.66,15.03,14.58,14.94,15.36,15.41,14.18,14.87,14.56
,Commercial,0.69,0.68,0.68,0.75,0.74,0.78,0.82,0.77,0.67,0.67,0.74,0.71,0.71,0.71,0.67,0.66,0.63,0.73,0.79,0.81,0.78,0.75,0.64,0.79,0.82,0.73,0.73,0.77
,Industrial,2.11,2.02,1.94,2.31,2.47,2.27,2.34,2.32,2.15,2.24,2.55,2.03,2.23,2.29,2.18,2.20,2.14,2.75,3.07,3.17,3.31,3.58,3.49,3.84,3.72,3.74,3.72,3.76
,Residential,1.36,1.20,1.02,1.24,1.16,1.22,1.46,1.34,1.13,1.10,1.21,1.14,1.17,1.20,1.06,1.04,0.98,1.04,1.22,1.15,1.05,1.04,0.88,1.09,1.10,0.93,0.95,0.96
,Transportation,4.67,4.45,5.02,5.11,5.44,5.56,5.56,5.41,5.58,5.73,5.82,5.74,6.27,5.87,5.98,6.09,6.11,6.35,5.97,6.17,6.41,6.40,6.79,6.53,6.79,6.89,6.87,6.66
,Electric Power,3.10,3.35,3.13,3.06,3.33,3.07,2.63,3.52,3.28,3.69,3.81,3.82,3.32,3.58,3.80,3.24,3.46,2.96,3.86,3.35,3.48,2.80,3.15,3.11,2.98,1.88,2.59,2.42
Tennessee,,104.56,99.91,105.48,116.26,110.98,117.60,118.62,121.88,120.87,121.36,126.71,125.74,124.88,123.31,125.34,126.52,128.87,128.04,121.76,101.64,108.86,105.43,99.14,97.80,103.05,99.49,102.44,98.30
,Commercial,3.42,3.39,3.58,3.64,3.53,3.59,4.05,3.86,3.53,3.69,3.89,3.81,3.73,4.05,3.77,3.54,3.39,3.51,3.66,3.68,3.89,3.59,3.12,3.48,3.77,3.83,3.66,3.72
,Industrial,18.72,18.51,19.91,19.93,20.08,19.75,19.59,20.12,20.54,20.02,19.24,21.12,20.19,20.18,20.13,19.89,20.34,19.72,19.13,14.85,15.53,15.89,15.62,16.48,16.44,16.17,16.30,15.96
,Residential,3.28,3.44,3.65,3.99,3.94,4.07,4.83,4.40,4.07,4.29,4.80,4.56,4.65,4.62,4.39,4.41,4.07,4.04,4.39,4.32,4.82,4.13,3.20,4.21,4.75,4.13,3.64,3.49
,Transportation,32.86,31.18,32.58,34.35,35.21,37.10,38.41,38.74,39.63,40.86,41.57,41.37,43.87,45.03,45.14,45.38,45.68,45.76,42.30,40.84,42.49,42.38,40.87,40.91,41.92,42.63,43.82,43.88
,Electric Power,46.27,43.40,45.77,54.35,48.21,53.09,51.74,54.75,53.10,52.50,57.21,54.88,52.44,49.43,51.90,53.32,55.39,55.02,52.28,37.94,42.13,39.44,36.34,32.72,36.16,32.73,35.02,31.24
Texas,,598.55,595.46,602.82,619.31,622.17,623.63,669.37,690.29,693.47,681.68,701.26,695.11,708.32,699.43,699.57,673.74,678.34,677.67,649.05,615.45,650.62,670.43,666.98,699.08,701.46,699.85,700.67,714.55
,Commercial,11.81,11.94,12.11,10.76,11.23,13.03,11.20,13.16,11.18,11.38,13.68,11.83,14.31,14.21,11.89,10.63,9.71,10.15,10.79,11.11,12.12,12.61,11.15,11.52,12.14,13.18,12.51,12.30
,Industrial,235.69,236.28,242.66,243.87,249.78,252.10,274.44,283.87,274.81,261.04,264.14,259.54,257.20,255.66,258.09,227.84,229.44,222.26,203.50,188.79,212.76,216.03,231.09,239.37,237.37,242.27,244.02,247.99
,Residential,12.98,13.14,12.71,13.45,12.60,12.14,13.12,13.61,12.10,11.65,12.94,13.97,13.88,13.34,12.13,11.99,10.49,12.45,11.99,11.72,13.68,12.04,10.18,12.34,14.01,12.79,10.79,9.94
,Transportation,152.53,149.34,152.93,151.84,155.50,153.34,166.72,171.15,180.14,178.74,182.80,190.72,197.50,190.91,193.10,194.38,201.74,203.23,195.42,187.26,191.60,191.90,192.37,209.55,213.02,217.89,225.72,233.33
,Electric Power,185.55,184.75,182.40,199.38,193.07,193.03,203.89,208.49,215.25,218.88,227.70,219.05,225.43,225.31,224.35,228.91,226.97,229.58,227.35,216.57,220.46,237.84,222.19,226.30,224.91,213.72,207.63,210.99
Utah,,53.87,52.79,54.31,55.88,56.94,57.18,57.97,60.57,62.47,61.20,63.92,61.90,61.29,62.07,64.50,66.08,67.42,69.37,68.48,63.86,63.20,63.74,61.03,66.20,64.60,62.97,58.38,58.29
,Commercial,1.67,1.89,1.58,1.70,1.91,1.86,2.02,2.20,2.19,2.22,2.10,2.27,2.58,2.18,2.45,2.31,2.25,2.27,2.42,2.37,2.42,2.59,2.32,2.69,2.50,2.40,2.62,2.70
,Industrial,9.80,9.17,9.03,8.97,8.96,10.13,9.60,10.19,11.27,8.96,10.35,9.28,6.35,6.61,7.78,8.90,7.94,8.13,7.76,6.77,7.07,7.25,7.79,8.23,8.04,7.80,7.54,7.39
,Residential,2.75,3.13,2.74,3.11,2.88,2.85,3.11,3.36,3.24,3.23,3.25,3.29,3.53,3.23,3.58,3.40,3.54,3.55,3.88,3.78,3.78,4.00,3.43,4.06,3.58,3.35,3.65,3.86
,Transportation,10.65,11.07,11.28,11.68,11.88,12.92,13.55,14.14,14.38,14.87,15.71,15.06,15.65,15.90,16.54,16.69,18.44,18.33,16.81,16.17,16.08,17.17,16.58,17.25,16.98,17.42,17.82,17.88
,Electric Power,29.00,27.54,29.67,30.42,31.31,29.42,29.70,30.68,31.38,31.92,32.51,31.99,33.17,34.15,34.16,34.78,35.25,37.09,37.61,34.77,33.85,32.72,30.91,33.96,33.51,32.00,26.76,26.46
Vermont,,5.49,5.68,6.15,6.20,6.03,6.00,6.29,6.51,6.26,6.52,6.74,6.60,6.35,6.61,7.04,6.80,6.66,6.50,5.93,6.18,5.91,5.84,5.49,5.77,5.92,6.18,5.98,5.89
,Commercial,0.58,0.65,0.74,0.68,0.68,0.59,0.66,0.71,0.76,0.71,0.77,0.79,0.73,0.77,0.83,0.72,0.67,0.68,0.61,0.66,0.62,0.64,0.60,0.75,0.79,0.99,0.85,0.77
,Industrial,0.46,0.46,0.54,0.55,0.43,0.39,0.41,0.68,0.46,0.64,0.57,0.48,0.47,0.51,0.60,0.59,0.57,0.50,0.50,0.48,0.51,0.55,0.50,0.40,0.44,0.41,0.42,0.44
,Residential,1.40,1.46,1.59,1.55,1.48,1.43,1.50,1.47,1.40,1.37,1.59,1.58,1.48,1.59,1.78,1.64,1.53,1.50,1.31,1.47,1.31,1.28,1.10,1.27,1.39,1.42,1.31,1.37
,Transportation,3.01,3.04,3.23,3.40,3.43,3.56,3.70,3.63,3.59,3.75,3.70,3.71,3.65,3.71,3.81,3.85,3.88,3.82,3.50,3.56,3.47,3.37,3.29,3.34,3.30,3.36,3.39,3.30
,Electric Power,0.04,0.06,0.05,0.02,0.02,0.02,0.01,0.02,0.06,0.04,0.12,0.04,0.02,0.03,0.02,0.01,0.01,0.01,0.01,0.01,0.01,0.01,0.00,0.01,0.01,0.00,0.00,0.01
Virginia,,94.99,96.01,97.31,101.37,100.21,102.61,107.31,109.82,110.97,113.06,121.76,119.62,118.14,122.38,126.34,128.16,121.77,126.91,115.81,105.00,108.16,99.25,97.45,104.54,103.51,102.61,103.70,98.82
,Commercial,4.44,4.20,4.64,5.04,5.09,5.34,6.09,5.63,5.43,5.41,5.89,5.37,5.03,5.78,5.63,5.64,5.02,5.12,4.93,4.88,5.00,4.64,4.53,4.93,5.38,5.84,5.70,5.86
,Industrial,19.50,19.86,18.74,16.94,17.21,17.31,17.15,17.79,17.27,16.86,16.85,16.48,16.26,17.29,17.63,17.66,16.60,16.84,16.22,12.53,12.81,12.41,12.62,12.58,12.15,11.28,11.23,11.12
,Residential,6.47,6.35,6.93,7.13,7.06,7.14,8.06,7.72,7.07,7.20,8.21,7.46,7.26,8.28,8.35,8.41,6.96,7.34,6.96,6.88,7.13,6.37,5.42,6.50,6.98,6.50,5.72,5.60
,Transportation,41.53,40.55,40.36,41.08,41.76,42.50,42.96,44.34,45.06,45.90,48.57,48.61,48.80,50.60,54.61,55.53,56.73,56.63,51.93,49.93,49.53,47.77,50.04,50.12,49.14,47.55,47.81,47.81
,Electric Power,23.05,25.06,26.64,31.18,29.09,30.33,33.05,34.33,36.13,37.70,42.23,41.70,40.78,40.42,40.12,40.92,36.47,40.99,35.77,30.77,33.70,28.07,24.85,30.41,29.85,31.45,33.23,28.43
Washington,,71.91,72.37,80.56,75.62,80.66,78.57,82.10,79.79,84.62,85.89,84.32,79.56,73.29,75.35,77.41,79.07,77.15,82.28,79.43,77.10,76.01,70.44,70.86,74.93,73.56,76.35,80.84,80.92
,Commercial,3.20,3.29,2.76,3.14,3.12,3.19,3.30,3.30,3.11,3.53,3.46,3.90,3.34,3.29,3.14,3.33,3.41,3.43,3.88,3.69,3.67,3.78,3.72,3.84,3.85,4.08,4.33,4.59
,Industrial,16.68,15.74,17.99,15.93,18.24,17.69,18.72,16.97,22.09,22.56,16.92,13.02,11.62,11.61,12.29,13.32,14.50,14.38,14.95,13.74,13.06,12.67,13.36,12.73,12.37,13.49,13.10,12.71
,Residential,3.55,3.84,3.50,4.17,4.22,4.11,4.73,4.83,4.73,5.31,5.21,6.00,5.52,4.95,4.89,5.03,5.09,5.24,5.59,5.61,5.11,5.60,5.06,5.26,5.06,4.68,5.08,6.12
,Transportation,40.97,41.57,46.13,42.12,43.16,45.23,44.64,45.70,43.05,43.87,44.73,42.74,41.48,41.55,43.18,43.45,44.66,47.45,42.35,41.51,41.19,41.08,42.56,41.52,40.69,43.33,48.84,47.24
,Electric Power,7.51,7.93,10.18,10.27,11.93,8.35,10.71,8.99,11.64,10.62,14.01,13.90,11.33,13.95,13.91,13.94,9.49,11.78,12.66,12.55,12.98,7.31,6.15,11.58,11.59,10.77,9.48,10.27
West Virginia,,103.39,95.67,97.60,98.34,105.97,104.25,106.90,110.62,112.67,114.31,113.51,103.94,116.50,113.03,110.40,112.38,112.64,114.72,110.50,88.41,98.35,95.73,90.22,92.49,98.02,90.27,92.78,89.39
,Commercial,1.97,1.81,1.86,1.83,1.83,1.79,1.96,1.89,1.98,2.09,2.18,1.93,1.67,1.80,1.73,1.76,1.59,1.56,1.56,1.54,1.58,1.62,1.52,1.63,1.63,1.70,1.67,1.62
,Industrial,18.57,16.17,15.26,15.47,16.36,15.07,13.48,12.27,14.67,13.10,13.20,13.39,14.87,12.63,13.31,12.18,12.38,13.43,13.01,9.04,10.30,10.44,9.84,10.21,11.04,10.32,9.45,10.41
,Residential,2.41,2.33,2.47,2.54,2.53,2.44,2.66,2.65,2.26,2.40,2.39,2.42,2.21,2.30,2.27,2.13,2.00,1.90,1.93,1.82,1.89,1.75,1.54,1.88,1.92,1.77,1.62,1.50
,Transportation,10.38,10.24,11.11,11.48,12.09,12.22,11.01,12.02,12.62,12.29,12.69,12.49,12.33,11.77,12.41,12.55,12.49,12.35,10.88,11.16,11.47,11.06,11.47,11.16,11.20,11.49,12.32,11.58
,Electric Power,70.06,65.11,66.90,67.02,73.16,72.74,77.79,81.80,81.14,84.42,83.06,73.71,85.41,84.53,80.68,83.75,84.18,85.48,83.11,64.84,73.10,70.87,65.86,67.62,72.23,64.99,67.72,64.28
Wisconsin,,86.14,88.32,87.49,91.14,94.27,97.21,101.49,104.12,100.92,105.18,107.18,105.19,106.35,104.46,106.74,109.96,102.32,104.02,104.59,95.74,98.06,97.20,90.11,100.54,100.69,99.34,95.16,97.85
,Commercial,4.82,5.02,4.83,5.16,5.12,5.48,6.00,5.92,5.56,5.68,5.62,5.39,5.80,6.11,5.68,6.18,5.29,5.52,6.46,5.81,5.20,5.50,4.75,5.98,6.49,5.96,5.87,6.04
,Industrial,14.34,14.60,14.53,15.35,15.82,15.87,16.08,16.62,15.45,17.03,17.83,17.02,17.28,15.41,16.12,15.62,14.91,15.03,14.54,12.73,12.78,13.10,12.74,13.88,14.23,13.50,12.88,13.53
,Residential,9.46,10.15,9.88,10.62,10.16,10.30,11.51,10.38,8.95,10.06,10.25,9.76,10.47,10.62,10.15,9.91,8.92,9.41,10.14,9.25,8.58,8.86,7.58,9.73,10.36,8.85,8.65,8.91
,Transportation,24.30,24.13,24.67,25.40,26.89,27.45,27.89,28.02,29.60,30.33,29.75,29.62,29.72,29.39,30.68,30.19,30.66,30.73,29.63,28.90,29.43,28.44,28.42,28.17,30.37,29.97,29.65,29.05
,Electric Power,33.22,34.42,33.58,34.62,36.28,38.11,40.00,43.19,41.36,42.09,43.75,43.40,43.07,42.95,44.11,48.07,42.54,43.32,43.82,39.05,42.07,41.30,36.62,42.78,39.24,41.07,38.11,40.32
Wyoming,,57.85,56.08,61.79,58.96,61.18,58.85,60.30,59.76,63.37,61.92,62.73,63.00,61.73,63.59,63.51,62.82,63.70,66.09,66.50,63.37,64.96,63.83,66.05,68.22,65.30,63.36,60.62,60.95
,Commercial,0.86,0.93,0.75,0.97,1.01,0.95,1.30,0.94,0.94,0.91,1.00,1.00,0.94,0.89,0.91,0.85,0.83,0.85,0.87,0.88,0.95,1.15,1.03,1.09,1.09,1.10,1.10,1.03
,Industrial,10.35,9.89,11.90,10.29,10.61,10.00,10.18,10.36,10.59,9.93,9.75,9.91,10.12,10.21,10.03,9.97,10.89,12.44,12.56,11.84,12.38,13.38,13.23,12.68,12.33,10.91,11.02,11.17
,Residential,0.83,0.88,0.76,0.88,0.82,0.85,0.94,0.81,0.78,0.76,0.82,0.79,0.91,0.84,0.83,0.81,0.80,0.93,0.96,0.95,0.92,0.96,0.80,0.94,0.93,0.80,0.85,0.93
,Transportation,5.78,5.30,5.58,5.95,5.85,6.77,6.78,6.89,7.09,8.09,7.61,7.77,7.71,8.52,8.12,8.34,8.60,8.82,8.59,8.23,8.35,7.68,8.08,7.79,8.19,7.71,7.82,7.86
,Electric Power,40.05,39.08,42.80,40.86,42.89,40.27,41.09,40.76,43.97,42.23,43.55,43.53,42.04,43.13,43.62,42.86,42.58,43.05,43.52,41.47,42.36,40.66,42.90,45.72,42.75,42.85,39.82,39.96
,,,,,,,,,,,,,,,,,,,,,,,,,,,,,
"* Emission estimates are based on energy consumption data from EIA's State Energy Consumption, Price, and Expenditure Estimates (SEDS) released Summer 2019
Available online at: http://www.eia.gov/state/seds/seds-data-complete.cfm?sid=US#CompleteDataFile
SEDS sources motor gasoline estimates from the Federal Highway Administration (FHWA). FHWA has revised its methods of estimating non-highway use of motor gasoline for year 2015 and 2016 data,
affecting how these data are allocated to each sector. While this revised methodology does not affect total petroleum consumed within SEDS, it does present compatibility issues with comparing 2015 and 2016 sectoral data
across the time-series. EPA will update the time-series data to be consistent with future revisions of SEDS and other relevant sources such as the U.S. national greenhouse gas inventory as updates become available
which address this issue. For more information, see:
https://www.eia.gov/state/seds/sedsdatachanges.php?sid=US",,,,,,,,,,,,,,,,,,,,,,,,,,,,,
